"Category";"SOLAR";"EOLICA";"PCH"
"2019-01-06";33,297270000000005;0;0,7
"2019-01-10";33,300670000000004;0;0,7
"2019-01-16";33,30263;0;0,7
"2019-01-17";33,305930000000004;0;0,7
"2019-01-19";33,34263000000001;0;0,7
"2019-01-23";33,34713000000001;0;0,7
"2019-01-30";33,395030000000006;0;0,7
"2019-02-03";41,45503000000001;0;0,7
"2019-02-13";41,46583000000001;0;0,7
"2019-02-14";41,48083000000001;0;0,7
"2019-02-18";41,484870000000015;0;0,7
"2019-02-19";41,489910000000016;0;0,7
"2019-02-20";41,49077000000002;0;0,7
"2019-02-21";41,49552000000002;0;0,7
"2019-03-02";41,53511500000002;0;0,7
"2019-03-03";41,54591500000002;0;0,7
"2019-03-04";41,586955000000025;0;0,7
"2019-03-05";41,60275500000002;0;0,7
"2019-03-11";41,674755000000026;0;0,7
"2019-03-12";41,70950500000003;0;0,7
"2019-03-13";41,72950500000003;0;0,7
"2019-03-14";41,74360500000003;0;0,7
"2019-03-15";41,74980500000003;0;0,7
"2019-03-19";42,17316500000003;0;0,7
"2019-03-26";42,178675000000034;0;0,7
"2019-04-04";42,19263500000003;0;0,7
"2019-04-05";42,202875000000034;0;0,7
"2019-04-06";42,368865000000035;0;0,7
"2019-04-10";42,37886500000003;0;0,7
"2019-04-11";42,402865000000034;0;0,7
"2019-04-17";42,40786500000004;0;0,7
"2019-04-24";42,511865000000036;0;0,7
"2019-04-26";42,517865000000036;0;0,7
"2019-04-30";42,539465000000035;0;0,7
"2019-05-01";42,55134500000003;0;0,7
"2019-05-03";42,59852500000003;0;0,7
"2019-05-04";42,657655000000034;0;0,7
"2019-05-06";42,662655000000036;0;0,7
"2019-05-07";42,66613500000004;0;0,7
"2019-05-08";42,67144500000004;0;0,7
"2019-05-09";42,71194500000004;0;0,7
"2019-05-10";42,72828500000004;0;0,7
"2019-05-11";43,04328500000004;0;0,7
"2019-05-13";43,21928500000004;0;0,7
"2019-05-14";43,229345000000045;0;0,7
"2019-05-16";43,237945000000046;0;0,7
"2019-05-17";43,24489500000005;0;0,7
"2019-05-20";43,27029500000005;0;0,7
"2019-05-21";43,27592000000005;0;0,7
"2019-05-22";43,28689000000005;0;0,7
"2019-05-24";43,28989000000005;0;0,7
"2019-05-29";43,47228000000005;0;0,7
"2019-05-30";43,475340000000045;0;0,7
"2019-05-31";43,59534000000004;0;0,7
"2019-06-02";43,59704000000004;0;0,7
"2019-06-07";43,656080000000046;0;0,7
"2019-06-11";43,66108000000005;0;0,7
"2019-06-15";43,732570000000045;0;0,7
"2019-06-18";43,73686000000004;0;0,7
"2019-06-20";43,753660000000046;0;0,7
"2019-06-23";43,75776000000005;0;0,7
"2019-06-25";43,76276000000005;0;0,7
"2019-06-27";43,76776000000005;0;0,7
"2019-06-28";43,79296000000005;0;0,7
"2019-07-01";43,80942000000005;0;0,7
"2019-07-02";43,85620000000005;0;0,7
"2019-07-03";43,89303000000005;0;0,7
"2019-07-04";44,30883000000005;0;0,7
"2019-07-05";44,37437000000005;0;0,7
"2019-07-10";44,39004000000005;0;0,7
"2019-07-11";44,40672000000005;0;0,7
"2019-07-15";44,44307000000005;0;0,7
"2019-07-17";44,44469000000005;0;0,7
"2019-07-19";44,553090000000054;0;0,7
"2019-07-20";44,64209000000005;0;0,7
"2019-07-22";44,64791000000005;0;0,7
"2019-07-25";44,650740000000056;0;0,7
"2019-07-30";44,703540000000054;0;0,7
"2019-08-01";44,72478000000005;0;0,7
"2019-08-02";44,75334000000005;0;0,7
"2019-08-05";44,78394000000005;0;0,7
"2019-08-06";44,79044000000005;0;0,7
"2019-08-08";44,793440000000054;0;0,7
"2019-08-10";44,799440000000054;0;0,7
"2019-08-12";44,82444000000005;0;0,7
"2019-08-13";44,830380000000055;0;0,7
"2019-08-14";44,84982000000006;0;0,7
"2019-08-15";44,95304000000006;0;0,7
"2019-08-19";44,95414000000006;0;0,7
"2019-08-20";44,96794000000006;0;0,7
"2019-08-21";45,01300000000006;0;0,7
"2019-08-22";45,01624000000006;0;0,7
"2019-08-23";45,03028000000006;0;0,7
"2019-08-26";45,04027000000006;0;0,7
"2019-08-27";45,053170000000065;0;0,7
"2019-08-28";45,059750000000065;0;0,7
"2019-08-29";45,07538000000007;0;0,7
"2019-08-30";45,19888000000007;0;0,7
"2019-09-02";45,20713000000006;0;0,7
"2019-09-03";45,207400000000064;0;0,7
"2019-09-04";45,219290000000065;0;0,7
"2019-09-05";45,24585000000007;0;0,7
"2019-09-06";45,24809000000007;0;0,7
"2019-09-09";45,28106000000007;0;0,7
"2019-09-11";45,39846000000007;0;0,7
"2019-09-12";45,40618000000007;0;0,7
"2019-09-16";45,41590000000007;0;0,7
"2019-09-18";45,41706000000007;0;0,7
"2019-09-19";45,42766000000007;0;0,7
"2019-09-20";45,431460000000065;0;0,7
"2019-09-23";45,44636000000006;0;0,7
"2019-09-24";45,462350000000065;0;0,7
"2019-09-25";45,481450000000066;0;0,7
"2019-09-27";45,581530000000065;0;0,7
"2019-10-01";45,589010000000066;0;0,7
"2019-10-03";45,59721000000007;0;0,7
"2019-10-04";45,59921000000007;0;0,7
"2019-10-07";45,64541000000007;0;0,7
"2019-10-08";45,72171000000007;0;0,7
"2019-10-09";48,27511000000007;0;0,7
"2019-10-11";48,27661000000007;0;0,7
"2019-10-13";48,28761000000007;0;0,7
"2019-10-15";48,288690000000074;0;0,7
"2019-10-17";48,316830000000074;0;0,7
"2019-10-18";48,32914000000007;0;0,7
"2019-10-21";48,35076000000007;0;0,7
"2019-10-22";48,352110000000074;0;0,7
"2019-10-23";48,366910000000075;0;0,7
"2019-10-24";48,38329000000007;0;0,7
"2019-10-25";48,413450000000076;0;0,7
"2019-10-28";48,42953000000008;0;0,7
"2019-10-29";48,46381000000008;0;0,7
"2019-10-30";48,46605000000008;0;0,7
"2019-10-31";48,489050000000084;0;0,7
"2019-11-01";48,489590000000085;0;0,7
"2019-11-02";48,49094000000009;0;0,7
"2019-11-05";48,49141000000009;0;0,7
"2019-11-06";48,49721000000009;0;0,7
"2019-11-07";48,498570000000086;0;0,7
"2019-11-08";48,53907000000009;0;0,7
"2019-11-12";48,56887500000009;0;0,7
"2019-11-13";48,57037500000009;0;0,7
"2019-11-14";48,58037500000009;0;0,7
"2019-11-15";48,625875000000086;0;0,7
"2019-11-16";48,635875000000084;0;0,7
"2019-11-18";48,65341500000008;0;0,7
"2019-11-21";48,66501500000008;0;0,7
"2019-11-22";48,67626500000008;0;0,7
"2019-11-25";48,67762500000008;0;0,7
"2019-11-26";48,67948500000008;0;0,7
"2019-11-27";48,687085000000074;0;0,7
"2019-11-28";48,698145000000075;0;0,7
"2019-11-29";48,744525000000074;0;0,7
"2019-12-01";48,75152500000007;0;0,7
"2019-12-02";48,77202500000007;0;0,7
"2019-12-03";48,78490500000007;0;0,7
"2019-12-04";48,79980500000007;0;0,7
"2019-12-05";48,84024500000007;0;0,7
"2019-12-06";48,87479500000007;0;0,7
"2019-12-09";48,89480500000007;0;0,7
"2019-12-10";48,90844500000007;0;0,7
"2019-12-11";48,95296500000007;0;0,7
"2019-12-12";48,95796500000007;0;0,7
"2019-12-14";48,96246500000007;0;0,7
"2019-12-16";49,00458500000007;0;0,7
"2019-12-17";49,02063500000007;0;0,7
"2019-12-19";49,03890000000007;0;0,7
"2019-12-20";49,08348000000007;0;0,7
"2019-12-21";49,08527000000007;0;0,7
"2019-12-23";49,212070000000075;0;0,7
"2019-12-24";49,21707000000008;0;0,7
"2019-12-30";49,22513000000008;0;0,7
"2019-12-31";49,22713000000008;0;0,7
"2020-01-02";49,244130000000084;0;0,7
"2020-01-03";49,27913000000008;0;0,7
"2020-01-05";49,31513000000008;0;0,7
"2020-01-07";49,32693000000008;0;0,7
"2020-01-08";49,346930000000086;0;0,7
"2020-01-10";49,38365000000009;0;0,7
"2020-01-13";49,479650000000085;0;0,7
"2020-01-14";49,49645000000009;0;0,7
"2020-01-15";49,49752000000009;0;0,7
"2020-01-16";49,537520000000086;0;0,7
"2020-01-17";49,675320000000085;0;0,7
"2020-01-20";49,68043000000009;0;0,7
"2020-01-21";51,45043000000009;0;0,7
"2020-01-22";51,64303000000009;0;0,7
"2020-01-23";51,645750000000085;0;0,7
"2020-01-24";51,65293000000008;0;0,7
"2020-01-27";51,665720000000086;0;0,7
"2020-01-28";51,80430000000008;0;0,7
"2020-01-29";51,829240000000084;0;0,7
"2020-01-30";51,915160000000085;0;0,7
"2020-01-31";52,01311000000008;0;0,7
"2020-02-03";52,020390000000084;0;0,7
"2020-02-05";52,033290000000086;0;0,7
"2020-02-06";52,08123000000008;0;0,7
"2020-02-07";52,13369000000009;0;0,7
"2020-02-08";52,16369000000009;0;0,7
"2020-02-09";52,16396000000009;0;0,7
"2020-02-10";52,23421000000009;0;0,7
"2020-02-11";52,253160000000086;0;0,7
"2020-02-12";52,285680000000085;0;0,7
"2020-02-13";52,323420000000084;0;0,7
"2020-02-14";52,34022000000009;0;0,7
"2020-02-16";52,35522000000009;0;0,7
"2020-02-17";52,359020000000086;0;0,7
"2020-02-18";52,820020000000085;0;0,7
"2020-02-20";52,858500000000085;0;0,7
"2020-02-21";52,89254000000008;0;0,7
"2020-02-22";52,952540000000084;0;0,7
"2020-02-25";52,96254000000008;0;0,7
"2020-02-26";53,007340000000085;0;0,7
"2020-02-27";53,036550000000084;0;0,7
"2020-02-28";53,07095000000008;0;0,7
"2020-03-02";53,10195000000008;0;0,7
"2020-03-03";53,13208000000008;0;0,7
"2020-03-05";53,17566000000008;0;0,7
"2020-03-06";53,18346000000008;0;0,7
"2020-03-09";53,21746000000008;0;0,7
"2020-03-10";53,94414000000008;0;0,7
"2020-03-11";54,08930000000008;0;0,7
"2020-03-12";54,10010000000008;0;0,7
"2020-03-13";56,99650000000008;0;0,7
"2020-03-14";57,016900000000085;0;0,7
"2020-03-17";57,03397000000008;0;0,7
"2020-03-18";57,55208000000008;0;0,7
"2020-03-19";57,55588000000008;0;0,7
"2020-03-20";57,56452000000008;0;0,7
"2020-03-25";57,56952000000008;0;0,7
"2020-03-31";57,63282000000008;0;0,7
"2020-04-01";57,67933000000008;0;0,7
"2020-04-02";57,72901000000008;0;0,7
"2020-04-03";57,81101000000008;0;0,7
"2020-04-08";57,898010000000085;0;0,7
"2020-04-18";57,89939000000008;0;0,7
"2020-04-21";57,99875000000008;0;0,7
"2020-04-24";58,06695000000008;0;0,7
"2020-04-28";58,26695000000008;0;0,7
"2020-05-04";58,28958000000008;0;0,7
"2020-05-05";58,33482000000008;0;0,7
"2020-05-07";58,490300000000076;0;0,7
"2020-05-08";58,516220000000075;0;0,7
"2020-05-11";58,700720000000075;0;0,7
"2020-05-12";58,81832000000008;0;0,7
"2020-05-13";58,84274000000008;0;0,7
"2020-05-14";58,85638000000008;0;0,7
"2020-05-15";58,95351000000008;0;0,7
"2020-05-18";58,95789000000008;0;0,7
"2020-05-19";59,029580000000074;0;0,7
"2020-05-20";59,032490000000074;0;0,7
"2020-05-21";59,06476000000007;0;0,7
"2020-05-22";59,070030000000074;0;0,7
"2020-05-26";59,288830000000075;0;0,7
"2020-05-27";59,39255000000008;0;0,7
"2020-05-28";59,41935000000008;0;0,7
"2020-05-29";59,44029000000008;0;0,7
"2020-05-31";69,34029000000008;0;0,7
"2020-06-01";69,38324000000009;0;0,7
"2020-06-02";69,41729000000008;0;0,7
"2020-06-03";69,47729000000008;0;0,7
"2020-06-04";69,47849000000008;0;0,7
"2020-06-05";69,49764000000008;0;0,7
"2020-06-08";69,50928000000008;0;0,7
"2020-06-09";69,51796000000007;0;0,7
"2020-06-10";69,60116000000008;0;0,7
"2020-06-11";69,63956000000007;0;0,7
"2020-06-12";69,68140000000007;0;0,7
"2020-06-13";69,70020000000007;0;0,7
"2020-06-16";69,74067000000007;0;0,7
"2020-06-17";69,81014000000006;0;0,7
"2020-06-18";69,84671000000006;0;0,7
"2020-06-19";69,87335000000006;0;0,7
"2020-06-20";69,88193000000005;0;0,7
"2020-06-22";70,30503000000006;0;0,7
"2020-06-23";70,30557000000006;0;0,7
"2020-06-24";70,30928000000006;0;0,7
"2020-06-25";70,32541000000006;0;0,7
"2020-06-26";70,39741000000006;0;0,7
"2020-06-27";70,40438000000006;0;0,7
"2020-06-30";70,59438000000006;0;0,7
"2020-07-01";70,65088000000006;0;0,7
"2020-07-02";70,84978000000005;0;0,7
"2020-07-03";70,97938000000005;0;0,7
"2020-07-04";71,39389000000006;0;0,7
"2020-07-06";71,40206500000005;0;0,7
"2020-07-07";71,40926500000005;0;0,7
"2020-07-10";71,55326500000005;0;0,7
"2020-07-11";71,57182500000005;0;0,7
"2020-07-13";71,60362500000005;0;0,7
"2020-07-14";71,68291500000005;0;0,7
"2020-07-15";71,74941500000006;0;0,7
"2020-07-16";71,75259500000006;0;0,7
"2020-07-17";71,78829500000006;0;0,7
"2020-07-18";71,80101500000006;0;0,7
"2020-07-20";71,80217500000006;0;0,7
"2020-07-21";71,81310500000006;0;0,7
"2020-07-22";71,85047500000006;0;0,7
"2020-07-23";71,89937500000006;0;0,7
"2020-07-24";71,92417500000006;0;0,7
"2020-07-25";71,97508500000006;0;0,7
"2020-07-27";72,00710500000007;0;0,7
"2020-07-28";72,01499500000007;0;0,7
"2020-07-29";72,02299500000007;0;0,7
"2020-07-30";72,03128500000007;0;0,7
"2020-07-31";72,04833500000007;0;0,7
"2020-08-01";72,06649500000006;0;0,7
"2020-08-03";72,08969500000006;0;0,7
"2020-08-04";72,09524500000006;0;0,7
"2020-08-05";72,12173500000006;0;0,7
"2020-08-06";72,16981500000006;0;0,7
"2020-08-09";72,22981500000006;0;0,7
"2020-08-10";72,36457000000006;0;0,7
"2020-08-11";72,40455000000006;0;0,7
"2020-08-12";72,41884000000006;0;0,7
"2020-08-13";72,48735000000006;0;0,7
"2020-08-14";72,96742000000006;0;0,7
"2020-08-15";72,96835000000006;0;0,7
"2020-08-17";73,04035000000006;0;0,7
"2020-08-18";73,06769000000006;0;0,7
"2020-08-19";73,10009000000005;0;0,7
"2020-08-20";73,11771000000005;0;0,7
"2020-08-21";73,53571000000005;0;0,7
"2020-08-24";73,53821000000005;0;0,7
"2020-08-25";73,54735000000005;0;0,7
"2020-08-26";73,54859000000005;0;0,7
"2020-08-27";73,60598000000005;0;0,7
"2020-08-28";73,71171000000004;0;0,7
"2020-08-29";73,72902000000003;0;0,7
"2020-08-31";73,77883000000003;0;0,7
"2020-09-01";73,79590000000003;0;0,7
"2020-09-02";73,86256500000003;0;0,7
"2020-09-03";73,90884500000003;0;0,7
"2020-09-04";73,90965500000003;0;0,7
"2020-09-07";73,93188500000002;0;0,7
"2020-09-08";74,15672500000002;0;0,7
"2020-09-09";74,19520500000003;0;0,7
"2020-09-10";94,09790500000003;0;0,7
"2020-09-11";94,31877000000003;0;0,7
"2020-09-12";94,32464000000003;0;0,7
"2020-09-14";94,32603000000003;0;0,7
"2020-09-15";94,37625000000003;0;0,7
"2020-09-16";94,41217000000003;0;0,7
"2020-09-17";94,50815000000003;0;0,7
"2020-09-18";94,56930000000003;0;0,7
"2020-09-19";94,58538000000003;0;0,7
"2020-09-21";94,59036000000003;0;0,7
"2020-09-22";94,67883000000003;0;0,7
"2020-09-23";94,83317000000004;0;0,7
"2020-09-24";94,85313000000004;0;0,7
"2020-09-25";94,89652000000004;0;0,7
"2020-09-26";95,06372000000003;0;0,7
"2020-09-28";95,08645000000003;0;0,7
"2020-09-29";95,09180000000003;0;0,7
"2020-09-30";98,14574000000003;0;0,7
"2020-10-01";98,18636000000004;0;0,7
"2020-10-02";98,18667000000003;0;0,7
"2020-10-05";98,28727000000003;0;0,7
"2020-10-07";98,36499000000003;0;0,7
"2020-10-08";98,38185000000003;0;0,7
"2020-10-09";98,58703000000003;0;0,7
"2020-10-10";98,59003000000003;0;0,7
"2020-10-11";98,65203000000002;0;0,7
"2020-10-12";98,65803000000002;0;0,7
"2020-10-13";98,71637000000003;0;0,7
"2020-10-15";98,78357000000003;0;0,7
"2020-10-16";98,79357000000003;0;0,7
"2020-10-18";98,80157000000003;0;0,7
"2020-10-19";98,86092000000002;0;0,7
"2020-10-20";99,05036000000003;0;0,7
"2020-10-21";99,25986000000003;0;0,7
"2020-10-22";99,26286000000003;0;0,7
"2020-10-24";99,26846000000003;0;0,7
"2020-10-26";99,27266000000003;0;0,7
"2020-10-27";99,27530000000003;0;0,7
"2020-10-28";99,37528000000003;0;0,7
"2020-10-29";99,57039000000003;0;0,7
"2020-10-30";99,69456000000004;0;0,7
"2020-10-31";99,74411000000003;0;0,7
"2020-11-03";99,84641000000003;0;0,7
"2020-11-04";99,86902000000003;0;0,7
"2020-11-05";99,88698000000004;0;0,7
"2020-11-06";99,94558000000004;0;0,7
"2020-11-07";100,02442000000003;0;0,7
"2020-11-09";100,06795000000004;0;0,7
"2020-11-10";100,21881000000003;0;0,7
"2020-11-11";100,27992000000003;0;0,7
"2020-11-12";100,42390000000003;0;0,7
"2020-11-13";100,56124000000003;0;0,7
"2020-11-15";100,56884000000002;0;0,7
"2020-11-16";102,49949000000002;0;0,7
"2020-11-17";102,52158000000003;0;0,7
"2020-11-18";102,63981000000003;0;0,7
"2020-11-19";102,68043000000003;0;0,7
"2020-11-20";102,69362000000002;0;0,7
"2020-11-21";102,69416000000002;0;0,7
"2020-11-23";102,79421000000002;0;0,7
"2020-11-24";102,80418000000002;0;0,7
"2020-11-26";102,83753000000002;0;0,7
"2020-11-27";102,85201000000002;0;0,7
"2020-11-30";122,78169000000003;0;0,7
"2020-12-01";122,78947000000002;0;0,7
"2020-12-02";122,83471000000003;0;0,7
"2020-12-03";122,85638000000003;0;0,7
"2020-12-04";122,89388000000002;0;0,7
"2020-12-07";123,11374000000002;0;0,7
"2020-12-08";123,12824000000002;0;0,7
"2020-12-09";123,23854000000001;0;0,7
"2020-12-10";123,24885000000002;0;0,7
"2020-12-11";123,25444000000002;0;0,7
"2020-12-12";123,26913000000002;0;0,7
"2020-12-13";123,48095000000002;0;0,7
"2020-12-14";123,56312000000003;0;0,7
"2020-12-15";123,57462000000002;0;0,7
"2020-12-16";123,70485000000002;0;0,7
"2020-12-17";123,88875000000002;0;0,7
"2020-12-18";124,21458000000001;0;0,7
"2020-12-19";124,32662;0;0,7
"2020-12-21";124,36562;0;0,7
"2020-12-22";124,39772;0;0,7
"2020-12-23";124,40721;0;0,7
"2020-12-26";124,47321000000001;0;0,7
"2020-12-27";134,37321;0;0,7
"2020-12-28";134,42071;0;0,7
"2020-12-29";134,42801;0;0,7
"2020-12-30";136,02941;0;0,7
"2020-12-31";136,03265000000002;0;0,7
"2021-01-02";136,03385000000003;0;0,7
"2021-01-04";136,04267000000002;0;0,7
"2021-01-05";136,04360000000003;0;0,7
"2021-01-06";136,06267000000003;0;0,7
"2021-01-07";136,11820000000003;0;0,7
"2021-01-08";136,14312000000004;0;0,7
"2021-01-10";136,26312000000004;0;0,7
"2021-01-12";136,42404000000005;0;0,7
"2021-01-13";136,43207000000004;0;0,7
"2021-01-14";136,45387000000005;0;0,7
"2021-01-15";136,48649000000006;0;0,7
"2021-01-16";136,51469000000006;0;0,7
"2021-01-18";136,51527000000007;0;0,7
"2021-01-19";136,58415000000008;0;0,7
"2021-01-20";136,6117600000001;0;0,7
"2021-01-21";136,6163520000001;0;0,7
"2021-01-22";156,6423520000001;0;0,7
"2021-01-23";156,6870020000001;0;0,7
"2021-01-24";156,69180200000008;0;0,7
"2021-01-25";156,80426200000008;0;0,7
"2021-01-26";156,83651200000008;0;0,7
"2021-01-27";156,8565820000001;0;0,7
"2021-01-28";157,0110420000001;0;0,7
"2021-01-29";157,0660420000001;0;0,7
"2021-01-30";157,06896200000008;0;0,7
"2021-02-01";157,09896200000009;0;0,7
"2021-02-02";157,10825200000008;0;0,7
"2021-02-03";157,1094520000001;0;0,7
"2021-02-04";157,3182520000001;0;0,7
"2021-02-05";157,68150200000008;0;0,7
"2021-02-08";157,70850200000007;0;0,7
"2021-02-09";157,76815200000007;0;0,7
"2021-02-10";157,85591200000007;0;0,7
"2021-02-11";158,52353200000007;0;0,7
"2021-02-12";158,59113200000007;0;0,7
"2021-02-13";158,67618200000007;0;0,7
"2021-02-14";158,67963200000005;0;0,7
"2021-02-15";158,80625200000006;0;0,7
"2021-02-16";158,83158200000005;0;0,7
"2021-02-17";158,86640200000005;0;0,7
"2021-02-18";159,54156200000006;0;0,7
"2021-02-19";159,55806200000006;0;0,7
"2021-02-20";159,56186200000008;0;0,7
"2021-02-21";159,57186200000007;0;0,7
"2021-02-22";159,69417200000007;0;0,7
"2021-02-23";159,75986200000006;0;0,7
"2021-02-24";159,84717200000006;0;0,7
"2021-02-25";159,87829200000004;0;0,7
"2021-02-26";159,99687200000005;0;0,7
"2021-02-27";160,01787200000004;0;0,7
"2021-02-28";160,02117200000004;0;0,7
"2021-03-02";160,04079200000004;0;0,7
"2021-03-03";160,21636200000003;0;0,7
"2021-03-04";160,34816200000003;0;0,7
"2021-03-05";160,55416200000002;0;0,7
"2021-03-08";160,586532;0;0,7
"2021-03-09";160,629242;0;0,7
"2021-03-10";160,664492;0;0,7
"2021-03-11";160,709362;0;0,7
"2021-03-12";160,746222;0;0,7
"2021-03-13";160,770322;0;0,7
"2021-03-15";160,835592;0;0,7
"2021-03-16";160,885592;0;0,7
"2021-03-17";160,976587;0;0,7
"2021-03-18";160,99338699999998;0;0,7
"2021-03-19";161,07611699999998;0;0,7
"2021-03-23";163,101117;0;0,7
"2021-03-24";163,16760699999998;0;0,7
"2021-03-25";163,43307699999997;0;0,7
"2021-03-26";163,48376699999997;0;0,7
"2021-03-27";163,55136699999997;0;0,7
"2021-03-29";163,61416699999998;0;0,7
"2021-03-30";163,629317;0;0,7
"2021-03-31";163,658277;0;0,7
"2021-04-02";163,663947;0;0,7
"2021-04-05";163,698847;0;0,7
"2021-04-06";163,826847;0;0,7
"2021-04-07";163,830447;0;0,7
"2021-04-08";163,870247;0;0,7
"2021-04-09";163,909257;0;0,7
"2021-04-10";163,91225699999998;0;0,7
"2021-04-11";163,926257;0;0,7
"2021-04-12";164,036557;0;0,7
"2021-04-13";164,11380699999998;0;0,7
"2021-04-14";164,30265699999998;0;0,7
"2021-04-15";164,379587;0;0,7
"2021-04-16";164,482757;0;0,7
"2021-04-17";164,500757;0;0,7
"2021-04-19";164,535317;0;0,7
"2021-04-20";164,571147;0;0,7
"2021-04-21";164,635147;0;0,7
"2021-04-22";164,686827;0;0,7
"2021-04-23";165,025677;0;0,7
"2021-04-24";165,030677;0;0,7
"2021-04-25";165,031877;0;0,7
"2021-04-26";165,081817;0;0,7
"2021-04-27";165,112347;0;0,7
"2021-04-28";165,164727;0;0,7
"2021-04-29";167,287387;0;0,7
"2021-04-30";172,325787;0;0,7
"2021-05-01";172,330287;0;0,7
"2021-05-03";172,348607;0;0,7
"2021-05-04";172,35295699999998;0;0,7
"2021-05-05";172,46145699999997;0;0,7
"2021-05-06";172,47645699999995;0;0,7
"2021-05-07";172,48495699999995;0;0,7
"2021-05-10";172,49015699999995;0;0,7
"2021-05-11";172,56995699999996;0;0,7
"2021-05-12";172,58015699999996;0;0,7
"2021-05-13";172,66817699999996;0;0,7
"2021-05-14";172,71367699999996;0;0,7
"2021-05-15";172,75093699999996;0;0,7
"2021-05-16";172,75393699999995;0;0,7
"2021-05-18";172,95809699999995;0;0,7
"2021-05-19";173,08335699999995;0;0,7
"2021-05-20";173,28829699999994;0;0,7
"2021-05-21";173,57677699999994;0;0,7
"2021-05-22";173,58592699999994;0;0,7
"2021-05-24";173,58802699999995;0;0,7
"2021-05-25";173,74292699999995;0;0,715
"2021-05-26";173,87742699999995;0;0,715
"2021-05-27";173,89890699999995;0;0,715
"2021-05-28";174,07020699999995;0;0,715
"2021-05-29";174,10690699999995;0;0,715
"2021-05-30";174,16850699999995;0;0,715
"2021-05-31";174,47907699999996;0;0,715
"2021-06-01";174,66044599999995;0;0,715
"2021-06-02";174,68942599999994;0;0,715
"2021-06-03";174,85483599999995;0;0,715
"2021-06-04";174,89945599999996;0;0,715
"2021-06-05";176,15945599999995;0;0,715
"2021-06-08";176,16288599999996;0;0,715
"2021-06-09";176,17188599999994;0;0,715
"2021-06-10";176,21028599999994;0;0,715
"2021-06-11";176,24997599999995;0;0,715
"2021-06-15";176,27541599999995;0;0,715
"2021-06-16";178,20381599999996;0;0,715
"2021-06-17";178,26399599999996;0;0,715
"2021-06-18";178,29975599999997;0;0,715
"2021-06-21";178,48195599999997;0;0,715
"2021-06-22";178,49695599999995;0;0,715
"2021-06-23";178,67451599999995;0;0,715
"2021-06-24";178,85851599999995;0;0,715
"2021-06-25";179,07395599999995;0;0,715
"2021-06-26";179,10233599999995;0;0,715
"2021-06-27";179,51993599999994;0;0,715
"2021-06-28";179,64313599999994;0;0,715
"2021-06-29";179,64913599999994;0;0,715
"2021-06-30";179,68473599999993;0;0,715
"2021-07-01";179,74593599999994;0;0,715
"2021-07-02";179,87556599999994;0;0,715
"2021-07-06";179,91214599999992;0;0,715
"2021-07-07";179,91924599999993;0;0,715
"2021-07-08";180,15726599999994;0;0,715
"2021-07-09";180,19664599999993;0;0,715
"2021-07-10";180,30832599999994;0;0,715
"2021-07-12";180,55508599999993;0;0,715
"2021-07-13";180,61086599999993;0;0,715
"2021-07-14";180,76521599999992;0;0,715
"2021-07-15";180,99185599999993;0;0,715
"2021-07-16";181,09569599999992;0;0,715
"2021-07-17";181,10949599999992;0;0,715
"2021-07-19";181,1647959999999;0;0,715
"2021-07-21";181,3956059999999;0;0,715
"2021-07-22";181,4640659999999;0;0,715
"2021-07-23";181,5515859999999;0;0,715
"2021-07-24";181,5660859999999;0;0,715
"2021-07-25";181,5855259999999;0;0,715
"2021-07-26";181,5943259999999;0;0,715
"2021-07-27";181,65668599999992;0;0,715
"2021-07-28";181,7020459999999;0;0,715
"2021-07-29";181,8777159999999;0;0,715
"2021-07-30";182,0103459999999;0;0,715
"2021-08-02";182,18866599999993;0;0,715
"2021-08-03";182,27942599999992;0;0,715
"2021-08-04";182,4070859999999;0;0,715
"2021-08-05";182,51036599999992;0;0,715
"2021-08-06";182,5169659999999;0;0,715
"2021-08-07";192,4250959999999;0;0,715
"2021-08-09";192,4369659999999;0;0,715
"2021-08-10";192,4989259999999;0;0,715
"2021-08-11";192,6193959999999;0;0,715
"2021-08-12";193,29423799999992;0;0,715
"2021-08-13";193,46323799999993;0;0,715
"2021-08-14";193,48803799999993;0;0,715
"2021-08-15";193,50368799999993;0;0,715
"2021-08-17";193,54163799999992;0;0,715
"2021-08-18";193,7594679999999;0;0,715
"2021-08-19";194,18076799999992;0;0,715
"2021-08-20";194,1942679999999;0;0,715
"2021-08-21";194,22876799999992;0;0,715
"2021-08-23";194,23086799999993;0;0,715
"2021-08-24";194,34164799999994;0;0,715
"2021-08-25";194,48832799999994;0;0,715
"2021-08-26";194,61596799999995;0;0,715
"2021-08-27";194,63284799999994;0;0,715
"2021-08-28";194,79272799999993;0;0,715
"2021-08-29";194,81412799999993;0;0,715
"2021-08-30";194,91572799999992;0;0,715
"2021-08-31";195,07272799999993;0;0,715
"2021-09-01";195,20789799999991;0;0,715
"2021-09-02";195,38089799999992;0;0,715
"2021-09-03";195,41233999999992;0;0,715
"2021-09-04";195,45299999999992;0;0,715
"2021-09-06";197,14299999999992;0;0,715
"2021-09-07";197,16622999999993;0;0,715
"2021-09-08";197,87187999999992;0;0,715
"2021-09-09";197,8920799999999;0;0,715
"2021-09-10";198,0100799999999;0;0,715
"2021-09-11";198,0163099999999;0;0,715
"2021-09-13";198,16930999999988;0;0,715
"2021-09-14";198,19961999999987;0;0,715
"2021-09-15";198,47149399999986;0;0,715
"2021-09-16";198,59546399999988;0;0,715
"2021-09-17";198,6188739999999;0;0,715
"2021-09-20";198,69297399999988;0;0,715
"2021-09-21";198,81483399999988;0;0,715
"2021-09-22";199,04021399999988;0;0,715
"2021-09-23";199,0574439999999;0;0,715
"2021-09-24";199,14678399999988;0;0,715
"2021-09-25";219,0467839999999;0;0,715
"2021-09-27";219,0862239999999;0;0,715
"2021-09-28";219,3070239999999;0;0,715
"2021-09-29";219,3241239999999;0;0,715
"2021-09-30";219,5669139999999;0;0,715
"2021-10-01";280,6121539999999;0;0,715
"2021-10-02";280,6218459999999;0;0,715
"2021-10-04";280,7160659999999;0;0,715
"2021-10-05";280,7802459999999;0;0,715
"2021-10-06";280,82492599999995;0;0,715
"2021-10-07";280,8712459999999;0;0,715
"2021-10-08";281,04545599999994;0;0,715
"2021-10-09";281,06045599999993;0;0,715
"2021-10-10";281,1565759999999;0;0,715
"2021-10-11";281,2936259999999;0;0,715
"2021-10-12";281,3397859999999;0;0,715
"2021-10-13";281,3422859999999;0;0,715
"2021-10-14";281,6137159999999;0;0,715
"2021-10-15";284,2867159999999;0;0,715
"2021-10-19";284,4205159999999;0;0,715
"2021-10-20";284,4782959999999;0;0,715
"2021-10-21";284,5165859999999;0;0,715
"2021-10-22";284,5493759999999;0;0,715
"2021-10-23";284,5606259999999;0;0,715
"2021-10-25";284,6639759999999;0;0,715
"2021-10-26";284,68917599999986;0;0,715
"2021-10-27";284,76117599999986;0;0,715
"2021-10-28";284,82885599999986;0;0,715
"2021-10-29";284,87057599999986;0;0,715
"2021-10-30";284,87257599999987;0;0,715
"2021-11-01";284,8781759999999;0;0,715
"2021-11-02";285,38095599999986;0;0,715
"2021-11-03";285,56617599999987;0;0,715
"2021-11-04";286,0249059999999;0;0,715
"2021-11-05";286,0756659999999;0;0,715
"2021-11-06";286,0794659999999;0;0,715
"2021-11-08";286,5967559999999;0;0,715
"2021-11-09";286,71368599999994;0;0,715
"2021-11-10";286,9320159999999;0;0,715
"2021-11-11";287,08402599999994;0;0,715
"2021-11-12";287,17988599999995;0;0,715
"2021-11-14";287,24648599999995;0;0,715
"2021-11-15";287,25280599999996;0;0,715
"2021-11-16";287,362466;0;0,715
"2021-11-17";287,471226;0;0,715
"2021-11-18";287,671186;0;0,715
"2021-11-19";288,29387599999995;0;0,715
"2021-11-20";288,30387599999995;0;0,715
"2021-11-22";288,39400599999993;0;0,715
"2021-11-23";288,39524599999993;0;0,715
"2021-11-24";288,5462059999999;0;0,715
"2021-11-25";288,62938999999994;0;0,715
"2021-11-26";288,69733999999994;0;0,715
"2021-11-27";288,77603999999997;0;0,715
"2021-11-28";288,78013999999996;0;0,715
"2021-11-29";289,06588999999997;0;0,715
"2021-11-30";289,20257;0;0,715
"2021-12-01";289,62086999999997;0;0,715
"2021-12-02";289,69689999999997;0;0,715
"2021-12-03";290,36742;0;0,715
"2021-12-04";290,37721999999997;0;0,715
"2021-12-06";290,45984;0;0,715
"2021-12-07";290,6039;0;0,715
"2021-12-09";290,64318000000003;0;0,715
"2021-12-10";291,10687;0;0,715
"2021-12-12";291,11287;0;0,715
"2021-12-13";291,17737;0;0,715
"2021-12-14";291,24515;0;0,715
"2021-12-15";291,47241;0;0,715
"2021-12-16";291,49171;0;0,715
"2021-12-17";291,82451000000003;0;0,715
"2021-12-18";291,82501;0;0,715
"2021-12-20";292,07267;0;0,715
"2021-12-21";292,10307;0;0,715
"2021-12-22";292,3835;0;0,715
"2021-12-23";292,90122;0;0,715
"2021-12-24";292,90594000000004;0;0,715
"2021-12-25";292,91484;0;0,715
"2021-12-27";294,97627;0;0,715
"2021-12-28";294,99311;0;0,715
"2021-12-29";295,47463;0;0,715
"2021-12-30";295,51202;0;0,715
"2021-12-31";295,53605;0;11,215
"2022-01-02";295,5621;0;11,215
"2022-01-03";295,58734;0;11,215
"2022-01-04";295,59574;0;11,215
"2022-01-05";295,62789;0;11,215
"2022-01-06";295,70367;0;11,215
"2022-01-07";295,74338;0;11,215
"2022-01-11";295,81510000000003;0;11,215
"2022-01-12";295,85110000000003;0;11,215
"2022-01-13";295,88307000000003;0;11,215
"2022-01-14";296,01203000000004;0;11,215
"2022-01-15";296,01983;0;11,215
"2022-01-17";296,02037;0;11,215
"2022-01-18";296,02887000000004;0;11,215
"2022-01-19";296,17933000000005;0;11,215
"2022-01-20";296,23441;0;11,215
"2022-01-21";296,34521;0;11,215
"2022-01-22";296,41021;0;11,215
"2022-01-24";296,42119;0;11,215
"2022-01-25";296,42169;0;11,215
"2022-01-26";297,41519;0;11,215
"2022-01-27";297,43325;0;11,215
"2022-01-28";297,51495;0;11,215
"2022-01-29";297,57144;0;11,215
"2022-01-31";297,6786;0;11,215
"2022-02-01";297,7137;0;11,215
"2022-02-02";297,7787;0;11,215
"2022-02-03";297,80557;0;11,215
"2022-02-04";297,84457;0;11,215
"2022-02-07";298,24928;0;11,215
"2022-02-08";298,35948;0;11,215
"2022-02-09";298,48562000000004;0;11,215
"2022-02-10";298,77527000000003;0;11,215
"2022-02-11";298,92186000000004;0;11,215
"2022-02-12";299,00954;0;11,215
"2022-02-13";299,02454;0;11,215
"2022-02-14";299,10003;0;11,215
"2022-02-15";299,19629;0;11,215
"2022-02-16";299,26772;0;11,215
"2022-02-17";299,4908;0;11,215
"2022-02-18";299,58281999999997;0;11,215
"2022-02-19";299,80899999999997;0;11,215
"2022-02-20";299,8413;0;11,215
"2022-02-21";299,94461;0;11,215
"2022-02-22";299,98441;0;11,215
"2022-02-23";300,03664000000003;0;11,215
"2022-02-24";300,20016000000004;0;11,215
"2022-02-25";300,38882000000007;0;11,215
"2022-02-26";300,4048200000001;0;11,215
"2022-02-28";300,5374200000001;0;11,215
"2022-03-01";300,56929000000014;0;11,215
"2022-03-02";301,3276500000001;0;11,215
"2022-03-03";317,5343600000001;0;11,215
"2022-03-04";317,5971800000001;0;11,215
"2022-03-05";317,6027600000001;0;11,215
"2022-03-07";317,6882600000001;0;11,215
"2022-03-08";317,7121050000001;0;11,215
"2022-03-09";317,7390650000001;0;11,215
"2022-03-10";317,8258550000001;0;11,215
"2022-03-11";317,8753550000001;0;11,215
"2022-03-12";317,93895500000013;0;11,215
"2022-03-14";317,97995500000013;0;11,215
"2022-03-15";318,2310450000001;0;11,215
"2022-03-16";318,3131050000001;0;11,215
"2022-03-17";318,72785500000015;0;11,215
"2022-03-18";319,23437500000017;0;11,215
"2022-03-19";319,24451500000015;0;11,215
"2022-03-22";319,76281500000016;0;11,215
"2022-03-23";319,97452500000014;0;11,215
"2022-03-24";320,2524050000001;0;11,215
"2022-03-25";320,41947500000015;0;11,215
"2022-03-26";320,44329500000015;0;11,215
"2022-03-27";320,53929500000015;0;11,215
"2022-03-28";320,7380650000002;0;11,215
"2022-03-29";320,90238000000016;0;11,215
"2022-03-30";320,96310000000017;0;11,215945
"2022-03-31";321,5364500000002;0;11,215945
"2022-04-01";321,79654000000016;0;11,215945
"2022-04-02";321,8282110000002;0;11,215945
"2022-04-03";321,92433100000017;0;11,215945
"2022-04-04";321,98613100000017;0;11,215945
"2022-04-05";322,0782810000002;0;11,215945
"2022-04-06";322,10551100000015;0;11,215945
"2022-04-07";322,2536210000001;0;11,215945
"2022-04-08";322,74934100000013;0;11,215945
"2022-04-09";322,78934100000015;0;11,215945
"2022-04-11";322,82829100000015;0;11,215945
"2022-04-13";323,00077100000016;0;11,215945
"2022-04-18";323,0184110000001;0;11,215945
"2022-04-19";323,21036100000015;0;11,215945
"2022-04-20";323,34236100000015;0;11,215945
"2022-04-22";323,4136110000002;0;11,215945
"2022-04-23";323,45461100000017;0;11,215945
"2022-04-25";323,64421100000015;0;11,215945
"2022-04-26";323,68133100000017;0;11,215945
"2022-04-27";323,74228100000016;0;11,215945
"2022-04-28";323,76628100000016;0;11,215945
"2022-04-29";323,99350100000015;0;11,215945
"2022-04-30";324,00951100000015;19,9;11,215945
"2022-05-01";324,15396100000015;19,9;11,215945
"2022-05-02";324,37196100000017;19,9;11,215945
"2022-05-03";326,0634810000002;19,9;11,215945
"2022-05-04";326,1233810000002;19,9;11,215945
"2022-05-05";326,31231100000025;19,9;11,215945
"2022-05-06";326,4385810000002;19,9;11,215945
"2022-05-07";326,44688100000025;19,9;11,215945
"2022-05-09";326,6287610000002;19,9;11,215945
"2022-05-10";326,6693410000002;19,9;11,215945
"2022-05-11";326,7715210000002;19,9;11,215945
"2022-05-12";326,9122260000002;19,9;11,215945
"2022-05-13";327,0004260000002;19,9;11,215945
"2022-05-14";327,0404260000002;19,9;11,215945
"2022-05-16";327,25452600000017;19,9;11,215945
"2022-05-17";327,3474560000002;19,9;11,215945
"2022-05-18";327,5530560000002;19,9;11,215945
"2022-05-19";327,5746560000002;19,9;11,215945
"2022-05-20";327,7516360000002;19,9;11,215945
"2022-05-21";327,8827360000002;19,9;11,215945
"2022-05-22";327,9589960000002;19,9;11,215945
"2022-05-23";328,0758860000002;19,9;11,215945
"2022-05-24";328,3695860000002;19,9;11,215945
"2022-05-25";328,6639960000002;19,9;11,215945
"2022-05-26";329,2763260000002;19,9;11,215945
"2022-05-27";329,3232660000002;19,9;11,215945
"2022-05-28";329,3418660000002;19,9;11,215945
"2022-05-30";329,3856660000002;19,9;11,215945
"2022-05-31";339,41226600000016;19,9;11,215945
"2022-06-01";339,68834600000014;19,9;11,215945
"2022-06-02";339,9819660000001;19,9;11,215945
"2022-06-03";340,0068660000001;19,9;11,215945
"2022-06-04";340,0188660000001;19,9;11,215945
"2022-06-05";340,0270660000001;19,9;11,215945
"2022-06-06";340,2769360000001;19,9;11,215945
"2022-06-07";340,5299460000001;19,9;11,215945
"2022-06-08";340,60090100000014;19,9;11,215945
"2022-06-09";340,7139310000001;19,9;11,215945
"2022-06-10";340,8162860000001;19,9;11,215945
"2022-06-11";345,8698960000001;19,9;11,215945
"2022-06-13";345,9756560000001;19,9;11,215945
"2022-06-14";346,1024460000001;19,9;11,215945
"2022-06-15";346,3013960000001;19,9;11,215945
"2022-06-16";346,6983310000001;19,9;11,215945
"2022-06-17";347,0288710000001;19,9;11,215945
"2022-06-18";347,0638710000001;19,9;11,215945
"2022-06-21";347,1474710000001;19,9;11,215945
"2022-06-22";347,1680910000001;19,9;11,215945
"2022-06-23";347,26609100000013;19,9;11,215945
"2022-06-24";347,31719100000015;19,9;11,215945
"2022-06-25";347,4882910000002;19,9;11,215945
"2022-06-27";347,49129100000016;19,9;11,215945
"2022-06-28";347,57986100000016;19,9;11,215945
"2022-06-29";347,64246100000014;19,9;11,215945
"2022-06-30";348,00136100000014;19,9;11,215945
"2022-07-01";348,10136100000017;19,9;11,215945
"2022-07-04";348,11136100000016;19,9;11,215945
"2022-07-05";348,4635910000002;19,9;11,215945
"2022-07-06";348,5151410000002;19,9;11,215945
"2022-07-07";348,5988610000002;19,9;11,215945
"2022-07-08";348,6174410000002;19,9;11,215945
"2022-07-11";348,6760410000002;19,9;11,215945
"2022-07-12";348,88627100000025;19,9;11,215945
"2022-07-13";348,97612910000026;19,9;11,215945
"2022-07-14";348,99272910000025;19,9;11,215945
"2022-07-15";349,1409291000002;19,9;11,215945
"2022-07-16";349,1484291000002;19,9;11,215945
"2022-07-17";349,1584291000002;19,9;11,215945
"2022-07-18";349,3602691000002;19,9;11,215945
"2022-07-19";349,3828091000002;19,9;11,215945
"2022-07-20";349,4228091000002;19,9;11,215945
"2022-07-21";349,4615091000002;19,9;11,215945
"2022-07-22";349,5587091000002;19,9;11,215945
"2022-07-23";350,3174291000002;19,9;11,215945
"2022-07-24";350,3894291000002;19,9;11,215945
"2022-07-25";350,6015291000002;19,9;11,215945
"2022-07-26";350,8689091000002;19,9;11,215945
"2022-07-27";351,2469091000002;19,9;11,215945
"2022-07-28";351,3716491000002;19,9;11,215945
"2022-07-29";351,6651741000002;19,9;11,215945
"2022-07-30";351,6764741000002;19,9;11,215945
"2022-07-31";351,6834741000002;19,9;11,215945
"2022-08-01";351,8638741000002;19,9;11,215945
"2022-08-02";351,8813741000002;19,9;11,215945
"2022-08-03";351,96425910000016;19,9;11,215945
"2022-08-04";352,15302910000014;19,9;11,215945
"2022-08-05";352,52266910000014;19,9;11,215945
"2022-08-06";352,5594191000001;19,9;11,215945
"2022-08-08";352,83741910000015;19,9;11,215945
"2022-08-09";352,9310191000001;19,9;11,215945
"2022-08-10";353,06438410000015;19,9;11,215945
"2022-08-11";362,99461410000015;19,9;11,215945
"2022-08-12";363,1224391000001;19,9;11,215945
"2022-08-13";363,13143910000014;19,9;11,215945
"2022-08-15";363,21063910000015;19,9;11,215945
"2022-08-16";363,2961391000002;19,9;11,215945
"2022-08-17";363,41864910000015;19,9;11,215945
"2022-08-18";363,9547991000002;19,9;11,215945
"2022-08-19";364,54253910000017;19,9;11,215945
"2022-08-20";364,5504591000002;19,9;11,215945
"2022-08-21";364,5678591000002;19,9;11,215945
"2022-08-22";364,7796591000002;19,9;11,215945
"2022-08-23";364,8495591000002;19,9;11,215945
"2022-08-24";364,9255591000002;19,9;11,215945
"2022-08-25";365,2978591000002;19,9;11,215945
"2022-08-26";365,39288410000023;19,9;11,215945
"2022-08-27";365,4108841000002;19,9;11,215945
"2022-08-29";365,5122841000002;19,9;11,215945
"2022-08-30";365,6120791000002;19,9;11,215945
"2022-08-31";366,3134041000002;31,9;11,215945
"2022-09-01";366,44126910000017;31,9;11,215945
"2022-09-02";366,5242941000002;31,9;11,215945
"2022-09-03";366,5343791000002;31,9;11,215945
"2022-09-05";366,7751091000002;31,9;11,215945
"2022-09-06";366,7986491000002;31,9;12,915944999999999
"2022-09-07";366,8027391000002;31,9;12,915944999999999
"2022-09-08";366,8266741000002;31,9;12,915944999999999
"2022-09-09";366,85861410000024;31,9;12,915944999999999
"2022-09-10";385,36416410000027;31,9;12,915944999999999
"2022-09-11";385,42559410000024;31,9;12,915944999999999
"2022-09-12";423,25509410000024;31,9;12,915944999999999
"2022-09-13";423,26073410000026;31,9;12,915944999999999
"2022-09-14";423,37895910000026;31,9;12,915944999999999
"2022-09-15";445,24663910000027;31,9;12,915944999999999
"2022-09-16";445,3826191000003;31,9;12,915944999999999
"2022-09-17";445,4343391000003;31,9;12,915944999999999
"2022-09-19";455,44125910000025;31,9;12,915944999999999
"2022-09-20";455,56445910000025;31,9;12,915944999999999
"2022-09-21";458,08563910000026;31,9;12,915944999999999
"2022-09-22";458,1839491000003;31,9;12,915944999999999
"2022-09-23";458,2508191000003;31,9;12,915944999999999
"2022-09-24";458,2658191000003;31,9;12,915944999999999
"2022-09-26";458,33156910000025;31,9;12,915944999999999
"2022-09-27";458,37076910000025;31,9;12,915944999999999
"2022-09-28";458,38521910000026;31,9;12,915944999999999
"2022-09-29";458,4503691000003;31,9;12,915944999999999
"2022-09-30";458,8576691000003;31,9;12,915944999999999
"2022-10-01";458,8727691000003;31,9;12,915944999999999
"2022-10-03";459,70466910000033;31,9;12,915944999999999
"2022-10-04";459,91706910000033;31,9;12,915944999999999
"2022-10-05";460,3552541000003;31,9;12,915944999999999
"2022-10-06";460,4185591000003;31,9;12,915944999999999
"2022-10-07";460,7462091000003;31,9;12,915944999999999
"2022-10-08";460,85886910000033;31,9;12,915944999999999
"2022-10-09";460,8888691000003;31,9;12,915944999999999
"2022-10-10";461,7890491000003;31,9;12,915944999999999
"2022-10-11";461,9890691000003;31,9;12,915944999999999
"2022-10-12";462,0201291000003;31,9;12,915944999999999
"2022-10-13";462,0964441000003;31,9;12,915944999999999
"2022-10-14";462,2010791000003;31,9;12,915944999999999
"2022-10-15";462,2239991000003;31,9;12,915944999999999
"2022-10-18";462,4159941000003;31,9;12,915944999999999
"2022-10-19";462,68805410000033;31,9;12,915944999999999
"2022-10-20";462,76174110000034;31,9;12,915944999999999
"2022-10-21";462,93496610000034;31,9;12,915944999999999
"2022-10-22";462,9755911000003;31,9;12,915944999999999
"2022-10-24";463,0742461000003;31,9;12,915944999999999
"2022-10-25";463,07477610000035;31,9;12,915944999999999
"2022-10-26";463,1137361000003;31,9;12,915944999999999
"2022-10-27";463,3917261000003;31,9;12,915944999999999
"2022-10-28";464,23668110000034;31,9;12,915944999999999
"2022-10-29";464,27268110000034;31,9;12,915944999999999
"2022-10-30";464,2833811000003;31,9;12,915944999999999
"2022-10-31";464,5734211000003;31,9;12,915944999999999
"2022-11-01";464,8700211000003;31,9;12,915944999999999
"2022-11-02";464,9550011000003;31,9;12,915944999999999
"2022-11-03";465,0030011000003;31,9;12,915944999999999
"2022-11-04";465,1877311000003;31,9;12,915944999999999
"2022-11-05";465,20028110000027;31,9;12,915944999999999
"2022-11-06";465,21888110000026;31,9;12,915944999999999
"2022-11-08";465,44083110000025;31,9;12,915944999999999
"2022-11-09";466,39876110000023;31,9;12,915944999999999
"2022-11-10";466,5242611000002;31,9;12,915944999999999
"2022-11-11";466,6388811000002;31,9;12,915944999999999
"2022-11-12";466,67910610000024;31,9;12,915944999999999
"2022-11-14";466,6851061000002;31,9;12,915944999999999
"2022-11-15";466,9506061000002;31,9;12,915944999999999
"2022-11-16";467,0432511000002;31,9;12,915944999999999
"2022-11-17";467,1214561000002;31,9;12,915944999999999
"2022-11-18";467,66015110000023;31,9;12,915944999999999
"2022-11-19";467,7834711000002;31,9;12,915944999999999
"2022-11-21";468,0106911000002;31,9;12,915944999999999
"2022-11-22";468,1614111000002;31,9;12,915944999999999
"2022-11-23";468,50001110000017;31,9;12,915944999999999
"2022-11-24";468,75695110000015;31,9;12,915944999999999
"2022-11-25";469,02094110000013;31,9;12,915944999999999
"2022-11-26";469,05734110000014;31,9;12,915944999999999
"2022-11-28";469,3368211000001;31,9;12,915944999999999
"2022-11-29";469,5807211000001;31,9;12,915944999999999
"2022-11-30";469,88986110000013;31,9;12,915944999999999
"2022-12-01";470,2957111000001;31,9;12,915944999999999
"2022-12-02";470,4581161000001;31,9;12,915944999999999
"2022-12-03";470,46411610000007;31,9;12,915944999999999
"2022-12-04";470,4643811000001;31,9;12,915944999999999
"2022-12-05";470,4943061000001;31,9;12,915944999999999
"2022-12-06";470,52430610000005;31,9;12,915944999999999
"2022-12-07";470,84048110000003;31,9;12,915944999999999
"2022-12-08";470,9423161;31,9;12,915944999999999
"2022-12-09";471,13406610000004;31,9;12,915944999999999
"2022-12-10";471,25376610000006;31,9;12,915944999999999
"2022-12-12";471,92107610000005;31,9;12,940945
"2022-12-13";472,41740610000005;31,9;12,940945
"2022-12-14";472,54025110000003;31,9;12,940945
"2022-12-15";472,69235110000005;31,9;12,940945
"2022-12-16";472,8308511000001;31,9;12,940945
"2022-12-17";472,8680161000001;31,9;12,940945
"2022-12-19";473,4720161000001;31,9;12,940945
"2022-12-20";473,8083761000001;31,9;12,940945
"2022-12-21";483,9788511000001;31,9;12,940945
"2022-12-22";484,1286661000001;31,9;12,940945
"2022-12-23";484,6574561000001;31,9;12,940945
"2022-12-24";484,7124561000001;31,9;12,940945
"2022-12-26";488,7254561000001;31,9;12,940945
"2022-12-27";488,7471861000001;31,9;12,940945
"2022-12-28";488,98801110000005;31,9;13,015944999999999
"2022-12-29";489,01361110000005;31,9;17,315945
"2022-12-30";490,25962110000006;31,9;17,315945
"2023-01-01";516,2871711;31,9;17,315945
"2023-01-02";516,2921711;31,9;17,315945
"2023-01-03";516,2969961;31,9;17,315945
"2023-01-04";516,3623211;31,9;17,315945
"2023-01-05";517,0022161;31,9;17,315945
"2023-01-06";517,1233061;31,9;17,315945
"2023-01-07";517,1875061000001;31,9;17,315945
"2023-01-09";517,1895061;31,9;17,315945
"2023-01-10";518,4135461;31,9;17,315945
"2023-01-11";518,5053111;31,9;17,315945
"2023-01-12";518,5734011;31,9;17,315945
"2023-01-13";518,7116110999999;31,9;17,315945
"2023-01-14";518,7838510999999;31,9;17,315945
"2023-01-16";518,9276610999999;31,9;17,315945
"2023-01-17";519,0938861;31,9;17,315945
"2023-01-18";519,2586461;31,9;17,315945
"2023-01-19";519,4821860999999;31,9;17,315945
"2023-01-20";519,6152460999999;31,9;17,315945
"2023-01-21";519,8381960999999;31,9;17,315945
"2023-01-23";519,9015560999999;31,9;17,315945
"2023-01-24";519,9334860999999;31,9;17,315945
"2023-01-25";521,6022660999998;31,9;17,315945
"2023-01-26";521,7173010999999;31,9;17,315945
"2023-01-27";522,1113610999998;31,9;17,315945
"2023-01-28";522,1203610999999;31,9;17,315945
"2023-01-30";540,8894210999998;31,9;17,315945
"2023-01-31";541,6775010999999;31,9;17,315945
"2023-02-01";541,8284110999998;31,9;17,315945
"2023-02-02";542,0820510999998;31,9;17,315945
"2023-02-03";542,0915010999998;31,9;17,315945
"2023-02-04";542,1219010999998;31,9;17,315945
"2023-02-06";542,1653360999999;31,9;17,315945
"2023-02-07";542,2310510999998;31,9;17,315945
"2023-02-08";542,8808310999998;31,9;17,315945
"2023-02-09";542,9468610999998;31,9;17,315945
"2023-02-10";543,1266910999998;31,9;17,315945
"2023-02-11";543,2264910999997;31,9;17,315945
"2023-02-13";543,2793610999997;31,9;17,315945
"2023-02-14";543,3912810999998;31,9;17,315945
"2023-02-15";543,6052810999998;31,9;17,315945
"2023-02-16";543,7045060999999;31,9;17,315945
"2023-02-17";543,9616660999999;31,9;17,315945
"2023-02-18";544,0836210999998;31,9;17,315945
"2023-02-20";544,1391710999999;31,9;17,315945
"2023-02-21";544,3015360999999;31,9;17,315945
"2023-02-22";544,4097661;31,9;17,315945
"2023-02-23";544,4478111;31,9;17,315945
"2023-02-24";544,6979911;31,9;17,315945
"2023-02-25";544,7282911;31,9;17,315945
"2023-02-26";544,7882910999999;31,9;17,315945
"2023-02-27";545,2326910999999;31,9;17,315945
"2023-02-28";547,8935660999999;31,9;17,315945
"2023-03-01";548,1669960999999;31,9;17,315945
"2023-03-02";548,2576460999999;31,9;17,315945
"2023-03-03";548,4775610999999;31,9;17,315945
"2023-03-04";548,5135610999998;31,9;17,315945
"2023-03-05";548,5312210999998;31,9;17,315945
"2023-03-06";549,0888310999998;31,9;17,315945
"2023-03-07";549,1629610999997;31,9;17,315945
"2023-03-08";549,1988310999998;31,9;17,315945
"2023-03-09";549,4383310999998;31,9;17,315945
"2023-03-10";549,8894610999998;31,9;17,315945
"2023-03-11";550,0769410999999;31,9;17,315945
"2023-03-13";550,3374060999998;31,9;17,315945
"2023-03-14";551,2967810999999;31,9;17,315945
"2023-03-15";551,7318860999999;31,9;17,315945
"2023-03-16";553,3187610999998;31,9;17,315945
"2023-03-17";554,2102360999999;31,9;17,315945
"2023-03-18";554,2930060999998;31,9;17,315945
"2023-03-21";554,4957910999998;31,9;17,315945
"2023-03-22";555,0943660999998;31,9;17,315945
"2023-03-23";555,3746960999998;31,9;17,315945
"2023-03-24";555,4374910999999;31,9;17,315945
"2023-03-25";555,6094910999999;31,9;17,315945
"2023-03-26";555,6454910999998;31,9;17,315945
"2023-03-27";604,6793310999999;31,9;17,315945
"2023-03-28";604,7684710999999;31,9;17,315945
"2023-03-29";604,8798211;31,9;17,315945
"2023-03-30";610,0248210999999;31,9;17,315945
"2023-03-31";610,6627170999999;31,9;17,315945
"2023-04-01";610,7010120999998;31,9;17,315945
"2023-04-03";610,9050770999999;31,9;17,315945
"2023-04-04";641,0901620999998;31,9;17,315945
"2023-04-05";641,2885870999999;31,9;17,315945
"2023-04-08";641,3197870999999;31,9;17,315945
"2023-04-10";642,0521070999998;31,9;17,315945
"2023-04-11";642,1001470999998;31,9;17,315945
"2023-04-12";642,2358170999998;31,9;17,315945
"2023-04-13";642,3032420999998;31,9;17,315945
"2023-04-14";642,4247820999998;31,9;17,315945
"2023-04-15";646,4787820999998;31,9;17,315945
"2023-04-17";647,2912820999998;31,9;17,315945
"2023-04-18";647,4903170999997;31,9;17,315945
"2023-04-19";647,6050220999997;31,9;17,315945
"2023-04-20";647,9478520999997;31,9;17,315945
"2023-04-21";648,0883920999997;31,9;17,315945
"2023-04-22";648,2053920999997;31,9;17,315945
"2023-04-23";648,2838720999997;31,9;17,315945
"2023-04-24";648,3346020999998;31,9;17,315945
"2023-04-25";649,1874370999998;31,9;17,315945
"2023-04-26";649,3195570999998;31,9;17,315945
"2023-04-27";650,4742070999997;31,9;17,315945
"2023-04-28";650,8695320999997;31,9;17,315945
"2023-04-29";650,8735320999997;31,9;17,315945
"2023-04-30";653,8014320999997;31,9;17,315945
"2023-05-01";654,2289320999997;31,9;17,315945
"2023-05-02";654,2871470999997;31,9;17,315945
"2023-05-03";654,6090270999997;31,9;17,315945
"2023-05-04";654,6805520999997;31,9;17,315945
"2023-05-05";655,0300720999996;31,9;17,315945
"2023-05-06";655,3941220999997;31,9;17,315945
"2023-05-07";655,3984220999996;31,9;17,315945
"2023-05-08";655,6074120999996;31,9;17,315945
"2023-05-09";655,8082120999995;31,9;17,315945
"2023-05-10";656,2182320999996;31,9;17,315945
"2023-05-11";656,4773620999996;31,9;17,315945
"2023-05-12";656,6132620999996;31,9;17,315945
"2023-05-13";656,6140870999996;31,9;17,315945
"2023-05-15";656,7810320999996;31,9;17,315945
"2023-05-16";656,8169470999997;31,9;17,315945
"2023-05-17";657,2175470999997;31,9;17,315945
"2023-05-18";657,7460570999997;31,9;17,315945
"2023-05-19";657,8663670999997;31,9;17,315945
"2023-05-20";657,8863670999997;31,9;17,315945
"2023-05-21";657,9491170999997;31,9;17,315945
"2023-05-23";658,1546050999997;31,9;17,315945
"2023-05-24";658,1627050999997;31,9;17,315945
"2023-05-25";658,4093300999997;31,9;17,315945
"2023-05-26";658,7520900999997;31,9;17,315945
"2023-05-27";658,8038600999997;31,9;17,315945
"2023-05-29";658,8170600999997;31,9;17,315945
"2023-05-30";658,9008600999997;31,9;17,315945
"2023-05-31";658,9539600999997;31,9;17,315945
"2023-06-01";659,0608350999996;31,9;17,315945
"2023-06-02";659,1272350999997;31,9;17,315945
"2023-06-03";659,1436350999996;31,9;17,315945
"2023-06-04";660,0184350999997;31,9;17,315945
"2023-06-05";660,5311450999997;31,9;17,315945
"2023-06-06";660,6800730999996;31,9;17,315945
"2023-06-07";660,8019280999996;31,9;17,315945
"2023-06-08";661,9007780999996;31,9;17,315945
"2023-06-09";661,9819780999995;31,9;17,315945
"2023-06-13";662,4121180999996;31,9;17,315945
"2023-06-14";662,5635880999996;31,9;17,315945
"2023-06-15";664,4338880999996;31,9;17,315945
"2023-06-16";669,6112180999996;31,9;17,315945
"2023-06-17";669,7594180999996;31,9;17,315945
"2023-06-18";670,7554180999996;31,9;17,315945
"2023-06-19";670,7653780999996;31,9;17,315945
"2023-06-20";671,1684430999995;31,9;17,315945
"2023-06-21";671,3519480999995;31,9;17,315945
"2023-06-22";671,4016580999995;31,9;17,315945
"2023-06-23";671,5446330999995;31,9;17,315945
"2023-06-24";671,5843830999995;31,9;17,315945
"2023-06-26";671,7547580999995;31,9;17,315945
"2023-06-27";671,7909930999996;31,9;17,315945
"2023-06-28";671,8514780999996;31,9;17,315945
"2023-06-29";672,0310580999995;31,9;17,315945
"2023-06-30";672,2796880999996;31,9;17,315945
"2023-07-01";672,2936880999996;31,9;17,315945
"2023-07-02";672,3086880999996;31,9;17,315945
"2023-07-04";672,4617080999996;31,9;17,315945
"2023-07-05";672,5559830999996;31,9;17,315945
"2023-07-06";673,7828410999996;31,9;17,315945
"2023-07-07";673,9818860999995;31,9;17,315945
"2023-07-08";674,0032660999996;31,9;17,315945
"2023-07-10";674,2447510999996;31,9;17,315945
"2023-07-11";674,3380010999996;31,9;17,315945
"2023-07-12";674,4639010999996;31,9;17,315945
"2023-07-13";674,9880510999996;31,9;17,315945
"2023-07-14";675,1231710999996;31,9;17,315945
"2023-07-15";675,5201710999996;31,9;17,315945
"2023-07-17";676,3142410999997;31,9;17,315945
"2023-07-18";676,5698110999997;31,9;17,315945
"2023-07-19";676,6646060999997;31,9;17,315945
"2023-07-20";676,6766060999996;31,9;17,315945
"2023-07-21";676,7304860999997;31,9;17,315945
"2023-07-22";676,7504860999996;31,9;17,315945
"2023-07-24";676,8436010999997;31,9;17,315945
"2023-07-25";677,0741810999997;31,9;17,315945
"2023-07-26";677,1418760999996;31,9;17,315945
"2023-07-27";677,2432160999997;31,9;17,315945
"2023-07-28";677,3485460999997;31,9;17,315945
"2023-07-29";677,4043460999997;31,9;17,315945
"2023-07-30";677,4422460999997;31,9;17,315945
"2023-07-31";717,3637460999997;31,9;17,315945
"2023-08-01";718,8191410999997;31,9;17,315945
"2023-08-02";718,9788660999997;31,9;17,315945
"2023-08-03";719,4685810999997;31,9;17,315945
"2023-08-04";719,8226410999997;31,9;17,315945
"2023-08-05";739,5153410999997;31,9;17,315945
"2023-08-07";740,3696110999997;31,9;17,315945
"2023-08-08";740,5858710999997;31,9;17,315945
"2023-08-09";740,6278710999998;31,9;17,315945
"2023-08-10";740,6545910999997;31,9;17,315945
"2023-08-11";740,9686260999997;31,9;17,315945
"2023-08-12";740,9721860999997;31,9;17,315945
"2023-08-14";741,7476160999997;31,9;17,315945
"2023-08-15";742,0468260999997;31,9;17,315945
"2023-08-16";742,3560960999997;31,9;17,315945
"2023-08-17";742,8540060999998;31,9;17,315945
"2023-08-18";743,9464310999998;31,9;17,315945
"2023-08-19";744,0610310999998;31,9;17,315945
"2023-08-21";744,0701310999998;31,9;17,315945
"2023-08-22";744,0904760999998;31,9;17,315945
"2023-08-23";744,3838760999998;31,9;17,315945
"2023-08-24";744,4628160999998;31,9;17,315945
"2023-08-25";747,8093160999998;31,9;17,315945
"2023-08-26";747,8927160999998;31,9;17,315945
"2023-08-28";748,0427160999998;31,9;17,315945
"2023-08-29";748,2086360999998;31,9;17,315945
"2023-08-30";788,2236360999998;31,9;17,315945
"2023-08-31";788,5713360999998;31,9;17,315945
"2023-09-01";788,6307160999999;31,9;17,315945
"2023-09-03";788,6481560999998;31,9;17,315945
"2023-09-04";788,8367560999998;31,9;17,315945
"2023-09-05";788,8852840999998;31,9;17,315945
"2023-09-06";788,9350440999998;31,9;17,315945
"2023-09-07";789,2357940999998;31,9;17,315945
"2023-09-08";789,3262290999998;31,9;17,315945
"2023-09-09";789,3382290999997;31,9;17,315945
"2023-09-10";789,3632290999997;31,9;17,315945
"2023-09-11";789,5670990999997;31,9;17,315945
"2023-09-12";790,4412740999998;31,9;17,315945
"2023-09-13";790,7063390999998;31,9;17,315945
"2023-09-14";791,1214840999999;31,9;17,315945
"2023-09-15";791,2209690999998;31,9;17,315945
"2023-09-16";791,3989640999998;31,9;17,315945
"2023-09-18";791,6440940999998;31,9;17,315945
"2023-09-19";791,7525940999999;31,9;17,315945
"2023-09-20";791,9692840999999;31,9;17,315945
"2023-09-21";792,4137640999999;31,9;17,315945
"2023-09-22";792,4739740999999;31,9;17,315945
"2023-09-23";792,4879740999999;31,9;17,315945
"2023-09-24";792,4882490999998;31,9;17,315945
"2023-09-25";792,7932350999998;31,9;17,315945
"2023-09-26";793,5950550999999;31,9;17,315945
"2023-09-27";793,7058800999998;31,9;17,315945
"2023-09-28";793,7328300999999;31,9;17,315945
"2023-09-29";793,9828900999998;31,9;17,315945
"2023-09-30";794,0354900999998;31,9;17,315945
"2023-10-01";794,0365900999998;31,9;17,315945
"2023-10-02";794,1061200999998;31,9;17,315945
"2023-10-03";794,2497200999998;31,9;17,315945
"2023-10-04";794,4226350999998;31,9;17,315945
"2023-10-05";794,5346050999998;31,9;17,315945
"2023-10-06";796,5320150999997;31,9;17,315945
"2023-10-07";796,5515550999997;31,9;17,315945
"2023-10-09";796,8294350999997;31,9;17,315945
"2023-10-10";797,8671650999997;31,9;17,315945
"2023-10-11";798,1393950999998;31,9;17,315945
"2023-10-12";799,3585850999998;31,9;17,315945
"2023-10-13";799,5379200999998;31,9;17,315945
"2023-10-14";799,6379200999999;31,9;17,315945
"2023-10-15";799,6559200999999;31,9;17,315945
"2023-10-16";799,6709200999999;31,9;17,315945
"2023-10-17";799,8459650999998;31,9;17,315945
"2023-10-18";800,0473100999998;31,9;17,315945
"2023-10-19";800,2665200999998;31,9;17,315945
"2023-10-20";800,7453100999998;31,9;17,315945
"2023-10-23";800,9532250999997;31,9;17,315945
"2023-10-24";801,1605800999997;31,9;17,315945
"2023-10-25";801,2572260999997;31,9;17,315945
"2023-10-26";801,4502660999997;31,9;17,315945
"2023-10-27";801,6678510999997;31,9;17,315945
"2023-10-28";801,8003360999996;31,9;17,315945
"2023-10-30";801,8779960999997;31,9;17,315945
"2023-10-31";802,0490860999997;31,9;17,315945
"2023-11-01";802,1940560999997;31,9;17,315945
"2023-11-02";802,8862710999997;31,9;17,315945
"2023-11-03";803,1064810999997;31,9;17,315945
"2023-11-04";803,2057810999996;31,9;17,315945
"2023-11-05";803,3657810999996;31,9;17,315945
"2023-11-06";803,4097410999996;31,9;17,315945
"2023-11-07";803,4574160999996;31,9;17,315945
"2023-11-08";805,0685910999996;31,9;17,315945
"2023-11-09";805,2007910999996;31,9;17,315945
"2023-11-10";805,8212910999996;31,9;17,315945
"2023-11-11";805,9257910999996;31,9;17,315945
"2023-11-14";806,3181910999996;31,9;17,315945
"2023-11-15";806,6770910999995;31,9;17,315945
"2023-11-16";806,7920960999995;31,9;17,315945
"2023-11-17";807,7155510999995;31,9;17,315945
"2023-11-18";807,8895510999995;31,9;17,315945
"2023-11-19";807,9053510999995;31,9;17,315945
"2023-11-20";808,5799310999995;31,9;17,315945
"2023-11-21";811,1271010999995;31,9;17,315945
"2023-11-22";811,8789160999995;31,9;17,315945
"2023-11-23";811,9927260999995;31,9;17,315945
"2023-11-24";812,1502260999995;31,9;17,315945
"2023-11-25";812,3288260999994;31,9;17,315945
"2023-11-27";812,5098410999994;31,9;17,315945
"2023-11-28";812,7881510999995;31,9;17,315945
"2023-11-29";812,8912010999995;31,9;17,315945
"2023-11-30";813,3794710999996;31,9;17,315945
"2023-12-01";813,6456570999995;31,9;17,315945
"2023-12-02";813,6891970999995;31,9;17,315945
"2023-12-04";813,7520130999995;31,9;17,315945
"2023-12-05";813,9736130999995;31,9;17,315945
"2023-12-06";814,2194020999995;31,9;17,315945
"2023-12-07";815,0725970999995;31,9;17,315945
"2023-12-09";815,1135970999995;31,9;17,315945
"2023-12-10";815,1789970999995;31,9;17,315945
"2023-12-11";815,3378370999995;31,9;17,315945
"2023-12-12";815,7033570999995;31,9;17,315945
"2023-12-13";815,7809270999995;31,9;17,315945
"2023-12-14";816,1590270999995;31,9;17,315945
"2023-12-15";825,6047270999995;31,9;17,315945
"2023-12-16";835,5120870999996;31,9;17,315945
"2023-12-18";835,7561230999996;31,9;17,315945
"2023-12-19";835,9717180999996;31,9;17,315945
"2023-12-20";837,0841680999996;31,9;17,315945
"2023-12-21";837,3692680999997;31,9;17,315945
"2023-12-22";837,8838480999997;31,9;17,315945
"2023-12-25";837,9198480999996;31,9;17,315945
"2023-12-26";838,0588480999996;31,9;17,315945
"2023-12-27";838,9615760999997;31,9;17,315945
"2023-12-28";849,7377360999997;31,9;17,315945
"2023-12-29";849,8261110999997;31,9;17,315945
"2023-12-30";851,8511110999997;31,9;17,315945
"2023-12-31";851,9211110999997;31,9;17,315945
"2024-01-01";933,9211110999997;31,9;17,315945
"2024-01-02";933,9277110999998;31,9;17,315945
"2024-01-03";934,0463110999998;31,9;17,315945
"2024-01-04";934,2152610999998;31,9;17,315945
"2024-01-05";934,2910610999998;31,9;17,315945
"2024-01-09";934,4791060999997;31,9;17,315945
"2024-01-10";934,5369660999997;31,9;17,315945
"2024-01-11";935,0809860999998;31,9;17,315945
"2024-01-12";935,2290860999998;31,9;17,315945
"2024-01-13";935,2350860999998;31,9;17,315945
"2024-01-15";935,5055860999997;31,9;17,315945
"2024-01-16";935,6565160999997;31,9;17,315945
"2024-01-17";935,8951160999998;31,9;17,315945
"2024-01-18";936,8801660999998;31,9;17,315945
"2024-01-19";937,2298660999998;31,9;17,315945
"2024-01-20";937,2348660999997;31,9;17,315945
"2024-01-22";937,6715060999998;31,9;17,315945
"2024-01-23";937,8578160999998;31,9;17,315945
"2024-01-24";938,7294960999998;31,9;17,315945
"2024-01-25";938,9255560999998;31,9;17,315945
"2024-01-26";939,0756260999998;31,9;17,315945
"2024-01-27";939,1756260999998;31,9;17,315945
"2024-01-29";939,4296260999998;31,9;17,315945
"2024-01-30";939,5669060999999;31,9;17,315945
"2024-01-31";940,0103160999998;31,9;17,315945
"2024-02-01";940,0747860999999;31,9;17,315945
"2024-02-02";941,0045210999999;31,9;17,315945
"2024-02-03";941,0067910999999;31,9;17,315945
"2024-02-05";941,2052410999999;31,9;17,315945
"2024-02-06";941,4373410999998;31,9;17,315945
"2024-02-07";941,7909610999998;31,9;17,315945
"2024-02-08";941,9170560999997;31,9;17,315945
"2024-02-09";942,3752660999997;31,9;17,315945
"2024-02-10";942,4552660999998;31,9;17,315945
"2024-02-12";944,0622460999998;31,9;17,315945
"2024-02-13";944,4711560999998;31,9;17,315945
"2024-02-14";944,7377560999998;31,9;17,315945
"2024-02-15";944,8566860999998;31,9;17,315945
"2024-02-16";953,9724260999998;31,9;17,315945
"2024-02-17";954,1994660999998;31,9;17,315945
"2024-02-18";955,1954660999997;31,9;17,315945
"2024-02-19";955,7017960999998;31,9;17,315945
"2024-02-20";955,9527960999998;31,9;17,315945
"2024-02-21";956,4267960999998;31,9;17,315945
"2024-02-22";957,5363760999999;31,9;17,315945
"2024-02-23";957,6171360999999;31,9;17,315945
"2024-02-24";958,2195360999999;31,9;17,315945
"2024-02-26";958,9867760999999;31,9;17,315945
"2024-02-27";960,1330460999999;31,9;17,315945
"2024-02-28";960,2930460999999;31,9;17,315945
"2024-02-29";960,5417060999998;31,9;17,315945
"2024-03-01";960,8537920999999;31,9;17,315945
"2024-03-02";961,1172920999999;31,9;17,315945
"2024-03-04";961,2569120999999;31,9;17,315945
"2024-03-05";961,3421620999999;31,9;17,315945
"2024-03-06";962,4464170999998;31,9;17,315945
"2024-03-07";962,7660770999998;31,9;17,315945
"2024-03-08";1065,4236070999998;31,9;17,315945
"2024-03-09";1065,5114221;31,9;17,315945
"2024-03-11";1084,8826820999998;31,9;17,315945
"2024-03-12";1085,1561220999997;31,9;17,315945
"2024-03-13";1085,2756720999996;31,9;17,315945
"2024-03-14";1086,2985620999996;31,9;17,315945
"2024-03-15";1086,6366420999996;31,9;17,315945
"2024-03-16";1086,6883320999996;31,9;17,315945
"2024-03-17";1086,7483320999995;31,9;17,315945
"2024-03-18";1088,2090880999995;31,9;17,315945
"2024-03-19";1088,3840280999996;31,9;17,315945
"2024-03-20";1088,6927000999995;31,9;17,315945
"2024-03-21";1089,4983850999995;31,9;17,315945
"2024-03-22";1090,2605750999994;31,9;17,315945
"2024-03-23";1158,2857750999995;31,9;17,315945
"2024-03-24";1160,2567750999995;31,9;17,315945
"2024-03-25";1160,2637050999995;31,9;17,315945
"2024-03-26";1160,2957050999994;31,9;17,315945
"2024-03-27";1160,3625000999994;31,9;17,315945
"2024-03-28";1160,4936000999994;31,9;17,315945
"2024-03-29";1160,5296000999995;31,9;17,315945
"2024-03-30";1162,8323400999996;31,9;17,315945
"2024-03-31";1162,9493400999995;31,9;17,315945
"2024-04-01";1185,2202740999994;31,9;17,315945
"2024-04-02";1185,4651040999995;31,9;17,315945
"2024-04-03";1185,6303140999994;31,9;17,315945
"2024-04-04";1185,9118940999995;31,9;17,315945
"2024-04-05";1187,5148600999994;31,9;17,315945
"2024-04-06";1187,5156000999993;31,9;17,315945
"2024-04-08";1187,6583250999993;31,9;17,315945
"2024-04-09";1187,9118050999994;31,9;17,315945
"2024-04-10";1188,0560050999993;31,9;17,315945
"2024-04-11";1188,2697330999993;31,9;17,315945
"2024-04-12";1188,7102830999993;31,9;17,315945
"2024-04-13";1188,7649830999992;31,9;17,315945
"2024-04-15";1189,1622830999993;31,9;17,315945
"2024-04-16";1189,5318230999992;31,9;17,315945
"2024-04-17";1209,6203980999992;31,9;17,315945
"2024-04-18";1209,7446980999991;31,9;17,315945
"2024-04-19";1210,120098099999;31,9;17,315945
"2024-04-20";1210,180098099999;31,9;17,315945
"2024-04-21";1210,196098099999;31,9;17,315945
"2024-04-22";1210,4936980999992;31,9;17,315945
"2024-04-23";1210,7535180999992;31,9;17,315945
"2024-04-24";1211,1357280999991;31,9;17,315945
"2024-04-25";1211,5721280999992;31,9;17,315945
"2024-04-26";1211,9247220999991;31,9;17,315945
"2024-04-27";1221,4071620999991;31,9;17,315945
"2024-04-29";1224,7221620999992;31,9;17,315945
"2024-04-30";1227,9385320999993;31,9;17,315945
"2024-05-01";1227,9465320999993;31,9;17,315945
"2024-05-02";1232,1508020999993;31,9;17,315945
"2024-05-03";1232,8456520999994;31,9;17,315945
"2024-05-04";1232,9990220999994;31,9;17,315945
"2024-05-05";1233,1434220999993;31,9;17,315945
"2024-05-06";1233,4555720999992;31,9;17,315945
"2024-05-07";1236,7264720999992;31,9;17,315945
"2024-05-08";1236,8807520999992;31,9;17,315945
"2024-05-09";1237,2857720999991;31,9;17,315945
"2024-05-10";1237,431792099999;31,9;17,315945
"2024-05-11";1237,488532099999;31,9;17,315945
"2024-05-13";1237,494532099999;31,9;17,315945
"2024-05-14";1237,5945070999992;31,9;17,315945
"2024-05-15";1237,724407099999;31,9;17,315945
"2024-05-16";1238,0510970999992;31,9;17,315945
"2024-05-17";1238,2715570999992;31,9;17,315945
"2024-05-18";1238,3058570999992;31,9;17,315945
"2024-05-20";1238,5421170999991;31,9;17,315945
"2024-05-21";1238,750267099999;31,9;17,315945
"2024-05-22";1238,947347099999;31,9;17,315945
"2024-05-23";1239,450147099999;31,9;17,315945
"2024-05-24";1244,545497099999;31,9;17,315945
"2024-05-25";1244,752447099999;31,9;17,315945
"2024-05-26";1254,731327099999;31,9;17,315945
"2024-05-27";1255,139897099999;31,9;17,315945
"2024-05-28";1255,407727099999;31,9;17,315945
"2024-05-29";1255,539347099999;31,9;17,315945
"2024-05-30";1255,7205620999991;31,9;17,315945
"2024-05-31";1262,680952099999;31,9;17,315945
"2024-06-01";1262,768592099999;31,9;17,315945
"2024-06-04";1262,935102099999;31,9;17,315945
"2024-06-05";1263,3040420999992;31,9;17,315945
"2024-06-06";1264,342113099999;31,9;17,315945
"2024-06-07";1265,114363099999;31,9;17,315945
"2024-06-08";1265,159963099999;31,9;17,315945
"2024-06-10";1265,253283099999;31,9;17,315945
"2024-06-11";1265,542508099999;31,9;17,315945
"2024-06-12";1348,841308099999;31,9;17,315945
"2024-06-13";1349,0297480999989;31,9;17,315945
"2024-06-14";1349,351948099999;31,9;17,315945
"2024-06-15";1349,4662680999988;31,9;17,315945
"2024-06-16";1349,4703280999988;31,9;17,315945
"2024-06-17";1349,6635780999989;31,9;17,315945
"2024-06-18";1350,564298099999;31,9;17,315945
"2024-06-19";1450,858748099999;31,9;17,315945
"2024-06-20";1451,124673099999;31,9;17,315945
"2024-06-21";1451,817423099999;31,9;17,315945
"2024-06-22";1451,871683099999;31,9;17,315945
"2024-06-24";1702,572953099999;31,9;17,315945
"2024-06-25";1702,8393930999991;31,9;17,315945
"2024-06-26";1703,0093930999992;31,9;17,315945
"2024-06-27";1784,3085230999993;31,9;17,315945
"2024-06-28";1784,5168130999994;31,9;17,315945
"2024-06-29";1784,6046130999994;31,9;17,315945
"2024-06-30";1784,6347880999995;31,9;17,315945
"2024-07-01";1786,7347380999995;31,9;17,315945
"2024-07-02";1786,9617030999996;31,9;17,315945
"2024-07-03";1787,2604380999996;31,9;17,315945
"2024-07-04";1787,9028130999995;31,9;17,315945
"2024-07-05";1788,6888030999996;31,9;17,315945
"2024-07-06";1788,8328030999996;31,9;17,315945
"2024-07-08";1789,0762630999996;31,9;17,315945
"2024-07-09";1789,2837330999996;31,9;17,315945
"2024-07-10";1789,7977930999996;31,9;17,315945
"2024-07-11";1790,1732030999997;31,9;17,315945
"2024-07-12";1793,1574400999996;31,9;17,315945
"2024-07-13";1793,1724400999997;31,9;17,315945
"2024-07-15";1793,4230900999996;31,9;17,315945
"2024-07-16";1793,7457100999995;31,9;17,315945
"2024-07-17";1794,2490800999994;31,9;17,315945
"2024-07-18";1794,7291110999995;31,9;17,315945
"2024-07-19";1795,0959110999995;31,9;17,315945
"2024-07-20";1795,2315110999996;31,9;17,315945
"2024-07-22";1795,6402410999997;31,9;17,315945
"2024-07-23";1796,0161710999996;31,9;17,315945
"2024-07-24";1796,1969710999997;31,9;17,315945
"2024-07-25";1796,2895610999997;31,9;17,315945
"2024-07-26";1796,5363610999996;31,9;17,315945
"2024-07-27";1796,5935610999995;31,9;17,315945
"2024-07-29";1796,8593510999995;31,9;17,315945
"2024-07-30";1797,1770210999994;31,9;17,315945
"2024-07-31";1817,7752010999993;31,9;17,315945
"2024-08-01";1818,2912010999994;31,9;17,315945
"2024-08-02";1818,5002960999993;31,9;17,315945
"2024-08-03";1818,5582960999993;31,9;17,315945
"2024-08-05";1819,0726310999994;31,9;17,315945
"2024-08-06";1819,6501500999993;31,9;17,315945
"2024-08-07";1819,6561500999994;31,9;17,315945
"2024-08-08";1821,0276000999995;31,9;17,315945
"2024-08-09";1821,5264200999995;31,9;17,315945
"2024-08-10";1821,5684200999995;31,9;17,315945
"2024-08-12";1821,9156710999994;31,9;17,315945
"2024-08-13";1823,8925510999993;31,9;17,315945
"2024-08-14";1824,2066510999994;31,9;17,315945
"2024-08-15";1825,3337410999993;31,9;17,315945
"2024-08-16";1827,4902110999992;31,9;17,315945
"2024-08-17";1827,7816710999991;31,9;17,315945
"2024-08-19";1827,802151099999;31,9;17,315945
"2024-08-20";1828,115531099999;31,9;17,315945
"2024-08-21";1828,554231099999;31,9;17,315945
"2024-08-22";1829,302531099999;31,9;17,315945
"2024-08-23";1830,702186099999;31,9;17,315945
"2024-08-24";1830,950186099999;31,9;17,315945
"2024-08-25";1835,915186099999;31,9;17,315945
"2024-08-26";1836,5273160999989;31,9;17,315945
"2024-08-27";1837,0226560999988;31,9;17,315945
"2024-08-28";1837,2789420999989;31,9;17,315945
"2024-08-29";1837,6644820999988;31,9;17,315945
"2024-08-30";1840,4547620999988;31,9;17,315945
"2024-08-31";1851,5587620999988;31,9;17,315945
"2024-09-01";1851,564952099999;31,9;17,315945
"2024-09-02";1851,780782099999;31,9;17,315945
"2024-09-03";1852,103882099999;31,9;17,315945
"2024-09-04";1852,248782099999;31,9;17,315945
"2024-09-05";1852,675062099999;31,9;17,315945
"2024-09-06";1852,861742099999;31,9;17,315945
"2024-09-07";1852,887752099999;31,9;17,315945
"2024-09-09";1853,587267099999;31,9;17,315945
"2024-09-10";1853,961322099999;31,9;17,315945
"2024-09-11";1854,329682099999;31,9;17,315945
"2024-09-12";1854,705902099999;31,9;17,315945
"2024-09-13";1855,161772099999;31,9;17,315945
"2024-09-14";1855,281772099999;31,9;17,315945
"2024-09-16";1855,776192099999;31,9;17,315945
"2024-09-17";1856,256032099999;31,9;17,315945
"2024-09-18";1856,331652099999;31,9;17,315945
"2024-09-19";1856,680872099999;31,9;17,315945
"2024-09-20";1876,086262099999;31,9;17,315945
"2024-09-21";1885,986262099999;31,9;17,315945
"2024-09-22";1885,996262099999;31,9;17,315945
"2024-09-23";1886,431732099999;31,9;17,315945
"2024-09-24";1886,692277099999;31,9;17,315945
"2024-09-25";1887,1160020999992;31,9;17,315945
"2024-09-26";1907,3426370999991;31,9;17,315945
"2024-09-27";1927,8617620999992;31,9;17,315945
"2024-09-28";1927,889362099999;31,9;17,315945
"2024-09-29";1931,489362099999;31,9;17,315945
"2024-09-30";1932,834137099999;31,9;17,315945
"2024-10-01";1987,776667099999;31,9;17,315945
"2024-10-02";1987,875567099999;31,9;17,315945
"2024-10-03";1988,463347099999;31,9;17,315945
"2024-10-04";1998,864407099999;31,9;17,315945
"2024-10-05";1999,870407099999;31,9;17,315945
"2024-10-07";2000,284147099999;31,9;17,315945
"2024-10-08";2004,382647099999;31,9;17,315945
"2024-10-09";2009,6008170999992;31,9;17,315945
"2024-10-10";2011,2568320999992;31,9;17,315945
"2024-10-11";2012,7870620999993;31,9;17,315945
"2024-10-12";2012,8469720999992;31,9;17,315945
"2024-10-15";2013,5463520999992;31,9;17,315945
"2024-10-16";2023,6576520999993;31,9;17,315945
"2024-10-17";2024,1727420999994;31,9;17,315945
"2024-10-18";2024,7191820999994;31,9;17,315945
"2024-10-19";2024,7692820999994;31,9;17,315945
"2024-10-21";2026,1499320999994;31,9;17,315945
"2024-10-22";2026,4872370999994;31,9;17,315945
"2024-10-23";2026,9710370999994;31,9;17,315945
"2024-10-24";2027,3158720999995;31,9;17,315945
"2024-10-25";2027,9767520999994;31,9;17,315945
"2024-10-26";2028,1392320999994;31,9;17,315945
"2024-10-27";2028,1662320999994;31,9;17,315945
"2024-10-28";2028,5270320999994;31,9;17,315945
"2024-10-29";2028,8309320999995;31,9;17,315945
"2024-10-30";2029,5912570999994;31,9;17,315945
"2024-10-31";2030,0958170999995;31,9;17,315945
"2024-11-01";2030,4644570999994;31,9;17,315945
"2024-11-02";2030,5955270999993;31,9;17,315945
"2024-11-04";2031,8134720999994;31,9;17,315945
"2024-11-05";2032,3093170999994;31,9;17,315945
"2024-11-06";2033,0739020999993;31,9;17,315945
"2024-11-07";2033,2594620999992;31,9;17,315945
"2024-11-08";2033,3785280999991;31,9;17,315945
"2024-11-09";2033,412968099999;31,9;17,315945
"2024-11-10";2033,512968099999;31,9;17,315945
"2024-11-12";2033,7663830999988;31,9;17,315945
"2024-11-13";2034,5295630999988;31,9;17,315945
"2024-11-14";2035,4443340999987;31,9;17,315945
"2024-11-15";2037,1329340999987;31,9;17,315945
"2024-11-16";2037,1845340999987;31,9;17,315945
"2024-11-17";2039,1645340999987;31,9;17,315945
"2024-11-18";2039,3817560999987;31,9;17,315945
"2024-11-19";2039,7324360999987;31,9;17,315945
"2024-11-20";2040,0541160999987;31,9;17,315945
"2024-11-21";2041,0710810999988;31,9;17,315945
"2024-11-22";2041,3205370999988;31,9;17,315945
"2024-11-23";2041,5165370999987;31,9;17,315945
"2024-11-24";2041,6165370999986;31,9;17,315945
"2024-11-25";2041,8140370999986;31,9;17,315945
"2024-11-26";2076,8899070999987;31,9;17,315945
"2024-11-27";2077,3894770999987;31,9;17,315945
"2024-11-28";2077,7181970999986;31,9;17,315945
"2024-11-29";2079,521742099999;31,9;17,315945
"2024-11-30";2450,4384420999986;31,9;17,315945
"2024-12-01";2450,5423520999984;31,9;17,315945
"2024-12-02";2451,0834720999983;31,9;17,315945
"2024-12-03";2471,293152099998;31,9;17,315945
"2024-12-04";2472,687342099998;31,9;17,315945
"2024-12-05";2472,8118720999983;31,9;17,315945
"2024-12-06";2473,135862099998;31,9;17,315945
"2024-12-07";2473,2271020999983;31,9;17,315945
"2024-12-09";2473,7012620999985;31,9;17,315945
"2024-12-10";2474,2414720999986;31,9;17,315945
"2024-12-11";2484,5993020999986;31,9;17,315945
"2024-12-12";2485,008262099999;31,9;17,315945
"2024-12-13";2486,649442099999;31,9;17,315945
"2024-12-14";2486,8726420999988;31,9;17,315945
"2024-12-15";2487,227852099999;31,9;17,315945
"2024-12-16";2487,808682099999;31,9;17,315945
"2024-12-17";2489,6793820999987;31,9;17,315945
"2024-12-18";2490,5758120999985;31,9;17,315945
"2024-12-19";2491,1103920999985;31,9;17,315945
"2024-12-20";2501,5725620999983;31,9;17,315945
"2024-12-21";2502,6912620999983;31,9;17,315945
"2024-12-22";2552,7212620999985;31,9;17,315945
"2024-12-23";2555,6999870999985;31,9;17,315945
"2024-12-24";2556,3540320999987;31,9;17,315945
"2024-12-25";2557,2800320999986;31,9;17,315945
"2024-12-26";2557,4505820999984;31,9;17,315945
"2024-12-27";2558,1588670999986;31,9;17,315945
"2024-12-28";2559,6175420999984;31,9;17,315945
"2024-12-30";2561,3969820999982;31,9;17,315945
"2024-12-31";2571,797387099998;41;17,315945
"2025-01-01";2571,853637099998;41;17,315945
"2025-01-02";2572,263637099998;41;17,315945
"2025-01-03";2572,366637099998;41;17,315945
"2025-01-04";2572,3986370999983;41;17,315945
"2025-01-07";2572,453187099998;41;17,315945
"2025-01-08";2572,522187099998;41;17,315945
"2025-01-09";2573,108317099998;41;17,315945
"2025-01-10";2574,1855170999984;41;17,315945
"2025-01-11";2574,213517099998;41;17,315945
"2025-01-13";2574,266517099998;41;17,315945
"2025-01-14";2574,289517099998;41;17,315945
"2025-01-15";2574,3995170999983;41;17,315945
"2025-01-16";2574,6262170999985;41;17,315945
"2025-01-17";2584,6162170999983;41;17,315945
"2025-01-19";2584,622217099998;41;17,315945
"2025-01-20";2585,713217099998;41;17,315945
"2025-01-22";2585,737217099998;41;17,315945
"2025-01-23";2585,7742170999977;41;17,315945
"2025-01-27";2585,8492170999975;41;17,315945
"2025-01-28";2586,2112170999976;41;17,315945
"2025-01-31";2586,2112170999976;41;20,615945
"2025-02-04";2588,2112170999976;41;20,615945
"2025-02-14";2591,3112170999975;41;20,615945
"2025-02-17";2591,3212170999977;41;20,615945
"2025-02-24";2591,3272170999976;41;20,615945
"2025-02-28";2596,5072170999974;41;20,615945
"2025-03-26";2598,4272170999975;41;20,615945
"2025-03-31";2682,8772170999973;41;20,615945
"2025-04-05";2702,6772170999975;41;20,615945
"2025-04-30";2902,5772170999976;41;20,615945
"2025-07-31";2907,4022170999974;41;20,615945
"2025-08-31";2909,3822170999974;41;20,615945
"2025-10-23";3069,3822170999974;41;20,615945
"2025-11-01";3089,2822170999975;41;20,615945
"2025-11-02";3089,2822170999975;41;20,615945
"2025-11-03";3089,2822170999975;41;20,615945
"2025-11-04";3089,2822170999975;41;20,615945